index,P(true),P(false)
0,0.1734619140625,0.359130859375
